,UserScreenName,UserName,Timestamp,Text,Embedded_text,Emojis,Comments,Likes,Retweets,Image link,Tweet URL
0,LeLibrePenseur,@LLP_Le_Vrai,2022-01-01T20:36:54.000Z,"LeLibrePenseur
@LLP_Le_Vrai
Â·
1 Jan","Audition au SÃ©nat de #RatignierCarbonneil, directrice de l'#ANSM. Ã€ la mi-novembre 2021, nous comptabilisons 110000 effets indÃ©sirables pour 4 #vaccins. D'habitude, nous avons 45000 dÃ©clarations/an pour les 5000 mÃ©dicaments vendus en France ! Bonne chance les rats de laboratoire.
45
853
1,016",,45,853,"1,016",['https://pbs.twimg.com/ext_tw_video_thumb/1477377188425043975/pu/img/T_Kt_hUISVw1fzJe.jpg'],https://twitter.com/LLP_Le_Vrai/status/1477378318257246209
1,Bernard Sudan,@BernardSudan,2022-01-01T11:13:23.000Z,"Bernard Sudan
@BernardSudan
Â·
1 Jan","#MacronDestitution VRP de #bigpharma rÃ©compense l'incompÃ©tence avec #buzyn ex-CA de #Novartis limitant #HydroxyChloroquine le 13 janvier 2020 et #Delfraissy lien #Gilead alias Mr. #paracetamol alors que la #France en haut des contaminations #OmicronVariant avec #vaccins !
10
131
155",ğŸ¥• ğŸ¥• ğŸ¥•,10,131,155,['https://pbs.twimg.com/media/FIAyf1wXIAIuQAY?format=jpg&name=small'],https://twitter.com/BernardSudan/status/1477236507811491842
2,Les Crayons Flingueurs,@CrayonFlingueur,2022-01-01T12:50:51.000Z,"Les Crayons Flingueurs
@CrayonFlingueur
Â·
1 Jan","Bonne et heureuse annÃ©e Ã  tous !

Dessin : Hariel 

#VaccinObligatoire #Vaccination #vaccins #Pfizer #PfizerGate #Genocide #VaccinezVous #NousSavons #NouvelOrdreMondial #VaccinezVous #VaccinezvousBordel #VaccineSideEffects #Vaccineswork #DessinDePresse #Dessin #Delfraissy
4
23
40",ğŸ’¥ âœ ğŸ”« ğŸ‘Š ğŸ’£,4,23,40,['https://pbs.twimg.com/media/FIBIaK_XEAEblXQ?format=jpg&name=small'],https://twitter.com/CrayonFlingueur/status/1477261036692643845
3,Chiara,@totorocat1,2022-01-01T21:39:18.000Z,"Chiara
@totorocat1
Â·
1 Jan","Le compte Twitter du Dr Malone inventeur du #Arn qui dÃ©montre les #EffetsSecondaires des #vaccins #Covid_19 a Ã©tÃ© suspendu !
1
1
1",ğŸ”´,1,1,1,['https://pbs.twimg.com/media/FIDCB5rWUAMcuYG?format=jpg&name=900x900'],https://twitter.com/totorocat1/status/1477394021727223808
4,SÃ©bastien Glasson,@sebastienglasso,2022-01-01T21:11:14.000Z,"SÃ©bastien Glasson
@sebastienglasso
Â·
1 Jan","Courage Ã  
@Marc_Doyer
 , les #EffetsSecondaires des #vaccins ne doivent pas Ãªtre occultÃ©s
Marc Doyer
@Marc_Doyer
 Â· 1 Jan
Mon quotidien:subir maintenant lâ€™intimidation? pourquoidÃ©noncer les effets secondaires graves ce nâ€™est pas dâ€™utilitÃ© publique?Ã§a fait de moi un mauvais citoyen je gÃªne?Le jour de gloire est arrivÃ©? #Mauricette @verity_france @AssoCovid @Prefet60
2
11
34",â“‚ ğŸ‘‰ ğŸ‘‰ ğŸ‘‰ ğŸ‘‰,2,11,34,"['https://pbs.twimg.com/profile_images/919648536744128513/tnXvEsP8_mini.jpg', 'https://pbs.twimg.com/ext_tw_video_thumb/1477329406305710081/pu/img/JrWT3DOfAdlFuq26.jpg']",https://twitter.com/sebastienglasso/status/1477386961967104008
5,Arkhos94 #vaccin,@arkhos94,2022-01-01T19:50:17.000Z,"Arkhos94 #vaccin
@arkhos94
Â·
1 Jan","Un petit cadeau pour tout ceux qui croient les #vaccins #Pfizer, #moderna... expÃ©rimentaux : la rÃ©ponse du conseil d'Ã©tat (juridiction suprÃªme administrative) sur la question

Source : https://legifrance.gouv.fr/ceta/id/CETATE
2
2
2",ğŸ’‰ ğŸ’‰ ğŸ’‰,2,2,2,['https://pbs.twimg.com/media/FICpEzWXIAkUD0j?format=png&name=medium'],https://twitter.com/arkhos94/status/1477366588068225031
6,augustin barbeaux,@barbeauroch5,2022-01-01T21:34:54.000Z,"augustin barbeaux
@barbeauroch5
Â·
1 Jan","#vaccins #DictatureSanitaire #DictatureEnMarche #genocide 
DÃ©putÃ© roumain au Parlement europÃ©en expose le contrat secret avec Big Pharma.
""Quand le gouvernement sait tout sur vous, c'est la tyrannie, quand vous savez tout sur le gouvernement, c'est la dÃ©mocratie.""
2",,,,2,['https://pbs.twimg.com/ext_tw_video_thumb/1477392622595584005/pu/img/W7jL8mJjCR4B2ICg.jpg'],https://twitter.com/barbeauroch5/status/1477392915626348545
7,Bayembi_borny,@BayembiBorny,2022-01-01T02:51:27.000Z,"Bayembi_borny
@BayembiBorny
Â·
1 Jan","Ã¨re bonne rÃ©solution de cette nouvelle annÃ©e... 
DÃ©monstration faite par Dr Helene Rossinot

#vaccins #Masque #gestesbarrieres #distanciationsociale
0:11
31 views",,,,,[],https://twitter.com/BayembiBorny/status/1477110188930908162
8,incesticide,@apolitique2022,2022-01-01T09:12:29.000Z,"incesticide
@apolitique2022
Â·
1 Jan","#voeuxmacron fake fake fake news!Sans lâ€™Europe nous nâ€™aurions pas de #vaccins #covid19 NON mon bon roi dâ€™ #europe sans #trump et sans #johnson qui est sorti de lâ€™Europe Mr le menteur professionnel nous nâ€™aurions pas de vaccin #omicron #voeux2022 #presidentielle2022 #cnews et OUI!
1",,,1,,['https://pbs.twimg.com/ext_tw_video_thumb/1477206060456980480/pu/img/p_-xJkpVcAFZSRUM.jpg'],https://twitter.com/apolitique2022/status/1477206082418270213
9,Celestino,@ycelesti,2022-01-01T20:56:38.000Z,"Celestino
@ycelesti
Â·
1 Jan","Audition au SÃ©nat de #RatignierCarbonneil, directrice de l'#ANSM. Ã€ la mi-novembre 2021, nous comptabilisons 110000 effets indÃ©sirables pour 4 #vaccins. D'habitude, nous avons 45000 dÃ©clarations/an pour les 5000 mÃ©dicaments vendus en France ! Bonne chance les rats de laboratoire.
LeLibrePenseur
@LLP_Le_Vrai
 Â· 1 Jan
Audition au SÃ©nat de #RatignierCarbonneil, directrice de l'#ANSM. Ã€ la mi-novembre 2021, nous comptabilisons 110000 effets indÃ©sirables pour 4 #vaccins. D'habitude, nous avons 45000 dÃ©clarations/an pour les 5000 mÃ©dicaments vendus en France ! Bonne chance les rats de laboratoire.
6
6",,,6,6,"['https://pbs.twimg.com/profile_images/1495380740908929025/7UdoHclf_mini.jpg', 'https://pbs.twimg.com/ext_tw_video_thumb/1477377188425043975/pu/img/T_Kt_hUISVw1fzJe.jpg']",https://twitter.com/ycelesti/status/1477383286347472906
10,"Fi, donc ! Ï†Ï†",@TashiLa15,2022-01-01T18:40:49.000Z,"Fi, donc ! Ï†Ï†
@TashiLa15
Â·
1 Jan","Replying to 
@wargonm
Et quelle serait, d'aprÃ¨s vous, cette supposÃ©e attitude sur les #vaccins ? 
Vous Ãªtes quand mÃªme Ã  2 doigts de nous dire que si votre femme est malade c'est Ã  cause de #Melenchon.

InÃ©narrables macronistes.
2
6",ğŸ”» ğŸ ğŸ ğŸ”» ğŸ˜‚ ğŸ˜‚ ğŸ˜‚,,2,6,['https://pbs.twimg.com/media/FICZLxDX0AIRG-1?format=jpg&name=small'],https://twitter.com/TashiLa15/status/1477349107261968398
11,Chiara,@totorocat1,2022-01-01T21:55:38.000Z,"Chiara
@totorocat1
Â·
1 Jan","Augmentation des #EffetsSecondaires des #vaccins ??
DocR
@_DocR
 Â· 1 Jan
Appel d'une collÃ¨gue mÃ©decin gÃ©nÃ©raliste ce soir : le pÃ¨re d'une amie a fait un AVC hier et est hospitalisÃ© en chirurgie faute de place en unitÃ© neuro- vasculaire (UNV) qui est le traitement standard dans cette situation (reduction morbi-mortalitÃ© de 20% grace Ã  des Ã©quipes
Show this thread
1",,,,1,['https://pbs.twimg.com/profile_images/1308055844534263809/CRISo6H__mini.jpg'],https://twitter.com/totorocat1/status/1477398133856522240
12,Maurice BÃ‰TRA,@BetraMaurice,2022-01-01T08:42:54.000Z,"Maurice BÃ‰TRA
@BetraMaurice
Â·
1 Jan","Crise sanitaire 
Pourquoi 
Pour qui
Une crise de TarÃ©s qui s'Ã©clatent avec
#FÃ¼hrerprinzip
#Propagande #Goebbels
#Vaccins #Mengele
Pour une fausse #PandÃ©mie
Avec des #faux vaccins, des faux #Experts, des fausses #informations
#2022Elections dehors les #TraÃ®tres Ã  la Nation
Krol
@krol75012
 Â· 1 Jan
Replying to @BetraMaurice and @ChrisLa51425590
N.O.M. 
2",â“ â“ â“ â— ğŸ¤® ğŸ¤¬ ğŸ‘¿,,,2,['https://pbs.twimg.com/profile_images/918925878817673218/olK9pUAv_mini.jpg'],https://twitter.com/BetraMaurice/status/1477198636127817730
13,á„…9É¹ÉuÉlÉ vax AZ+PF Merci !,@alanar62,2022-01-01T16:48:47.000Z,"á„…9É¹ÉuÉlÉ vax AZ+PF Merci !
@alanar62
Â·
1 Jan","CQFD
#VaccinezVous
#VaccinezvousBordel
#Vaccin #vaccins
#antivax #antivaxx
#COVID19 #Covid_19
#COVID #covidfrance
#CoronaPandemie #Coronazis ...
Mathieu Molimard
@MathieuMolimard
 Â· 31 Dec 2021
Ca veut dire que 40 patients qui avaient peur du vaccin se retrouvent intubÃ©s et ventilÃ©s. Si au lieu de payer un faux pass ils avaient bÃ©nÃ©ficiÃ© de la vaccination gratuite moins de 4 dâ€™entre eux seraient en rÃ©animation 
Ou sont les responsables de cet immense gÃ¢chis humain ? twitter.com/nicolasberrod/â€¦",ğŸ’™ ğŸ’› ğŸ‘,,,,['https://pbs.twimg.com/profile_images/1507110724652441610/rIvpmpZx_mini.jpg'],https://twitter.com/alanar62/status/1477320910923309060
14,ECOMNEWS,@ecom_news,2022-01-01T07:00:00.000Z,"ECOMNEWS
@ecom_news
Â·
1 Jan","#ArdÃ¨che : #Fareva va investir plus de 50 millions d'â‚¬ pour produire des #vaccins. https://bit.ly/3JcWblO
1
1",,,1,1,['https://pbs.twimg.com/media/FHx2wjqX0AAe7iF?format=jpg&name=small'],https://twitter.com/ecom_news/status/1477172742059401217
15,Marc Mauzin,@Mauzin5,2022-01-01T18:34:13.000Z,"Marc Mauzin
@Mauzin5
Â·
1 Jan","Fumiers de collabos !
BientÃ´t la fin pour ces salauds !
#JeanMichelTrogneux 
#COVID19 
#coronavirus 
#vaccins 
#CouvreFeu
Caroline Valentin
@cyvalentin
 Â· 1 Jan
Macron donne la legion dâ€™honneur Ã  Buzin 
Met le drapeau europÃ©en au-dessus de la tombe du soldat inconnu 
Impose le masque Ã  des gosses de 6 ans
Et la mairie de Paris nous impose un masque qui ne sert Ã  rien dans la rue. 

Jâ€™en ai vraiment marre de ces gens.
Show this thread
1",,,,1,['https://pbs.twimg.com/profile_images/1503734885986541569/E6oX-CAR_mini.jpg'],https://twitter.com/Mauzin5/status/1477347443981393924
16,FranÃ§oise Zannier,@psy_paris,2022-01-01T15:48:10.000Z,"FranÃ§oise Zannier
@psy_paris
Â·
1 Jan","#COVID19> #corruption> Les arguments favorables aux ""#vaccins"" expÃ©rimentaux s'effondrent les uns aprÃ¨s les autres...
FranceSoir
@france_soir
 Â· 1 Jan
 BEST OF - ""L'idÃ©e que le vaccin protÃ¨ge des formes graves, doit Ãªtre rejetÃ©e"", Dr Michel de Lorgeril, expert international en cardiologie et nutrition affirmait ""les Ã©tudes sur l'efficacitÃ© des vaccins sont des simulacres de sciences""
http://francesoir.fr/node/258862
9:57
46K views
4
3",ğŸ™ ğŸ‘‡,,4,3,['https://pbs.twimg.com/profile_images/1488123565237051403/GTecJJi5_mini.png'],https://twitter.com/psy_paris/status/1477305656994676737
17,Hdebonnevolonte,@Enfantdabord2,2022-01-01T13:48:42.000Z,"Hdebonnevolonte
@Enfantdabord2
Â·
1 Jan","#Vaccins 
Sous lâ€™influence du matraquage de la propagande gouvernementale, le grand public croit que vaccin=protection=neutralisation. Le dÃ©bat scientifique, qui aurait dÃ» exister comme dans toute dÃ©mocratie qui se respecte, n'a pas eu lieu.
francesoir.fr
""Il faut prendre conscience urgemment des problÃ¨mes de ces vaccins"" - Jean-Marc Sabatier
ENTRETIEN â€” Que savons-nous de lâ€™immunitÃ© ? Comment celle-ci se mobilise-t-elle lors dâ€™une infection ou dâ€™une vaccination ? Quâ€™est-ce que lâ€™immunitÃ© innÃ©e non spÃ©cifique ? Et lâ€™immunitÃ© adaptative ou...
1
1",,,1,1,['https://pbs.twimg.com/card_img/1508807289477734409/med7sxTq?format=png&name=small'],https://twitter.com/Enfantdabord2/status/1477275591774720004
18,Eric Diss,@eric_diss,2022-01-01T10:58:27.000Z,"Eric Diss
@eric_diss
Â·
1 Jan","Archive des Crises Cardiaques chez les footballeurs !

Le compte 
@debarjac1
 rÃ©pertorie les Ã©vÃ¨nements liÃ©s Ã  des soucis cardiaques chez les footballeurs professionnels.
#effetssecondaires #vaccins #PassVaccinalDeLaHonte 
#PasseVaccinal #football
1",,,,1,[],https://twitter.com/eric_diss/status/1477232747257159684
19,Marc Mauzin,@Mauzin5,2022-01-01T23:29:45.000Z,"Marc Mauzin
@Mauzin5
Â·
2 Jan","On aura la mÃªme chose ici...
#Covid_19 
#coronavirus 
#coronacircus 
#vaccins
@ElDictaTorOfficiel
@El_Dic_TatoR
 Â· 1 Jan
 Italie : La justice a rendu son verdict suite Ã  dÃ©pÃ´t de plainte (Appel Ã  la loi 210/92) pour obtenir rÃ©paration, dommages et intÃ©rÃªts suite Ã  un dÃ©cÃ¨s par vaccination (confirmÃ© par autopsie) 
""Demande non acceptÃ©e car vaccination non obligatoire""
Show this thread
1
1",,,1,1,"['https://pbs.twimg.com/profile_images/1327341150701752321/MuLmv8xI_mini.jpg', 'https://pbs.twimg.com/media/FIDKul0WQAMVKdw?format=jpg&name=small']",https://twitter.com/Mauzin5/status/1477421819158269953
20,fernandez,@tarmo13013,2022-01-01T20:48:19.000Z,"fernandez
@tarmo13013
Â·
1 Jan","Ã‡a commence Ã  se savoir et les ayatollahs de la vaccination sont bien obligÃ©s de reconnaÃ®tre les rÃ©alitÃ©s dissimulÃ©s des #vaccins
Pourquoi ne pas reconnaÃ®tre que ces substances ne sont pas conformes aux caractÃ©ristiques annoncÃ©es par les labos ?
Barbara78
@dragonduclos
 Â· 28 Dec 2021
Pr Cyrille Cohen... AprÃ¨s 2 doses de vaccins, l'immunitÃ© baisse et la transmission continue. 
""On le dÃ©couvre car personne sur terre n'avait de l'expÃ©rience avec les vaccins ARN Ã  long terme""
Les affirmations hasardeuses sur le recul et la sÃ©curitÃ© de ces vaccins sont torpillÃ©es.
1
1",,,1,1,"['https://pbs.twimg.com/profile_images/828593126013009920/J0C4f6fk_mini.jpg', 'https://pbs.twimg.com/ext_tw_video_thumb/1475916577069543425/pu/img/DSN939r56VewJasa.jpg']",https://twitter.com/tarmo13013/status/1477381194463518723
21,Hdebonnevolonte,@Enfantdabord2,2022-01-01T13:39:54.000Z,"Hdebonnevolonte
@Enfantdabord2
Â·
1 Jan","#Vaccins
""On peut avoir des effets secondaires, par ex maladies auto-immunes ou cancers, qui vont mettre des mois Ã  apparaÃ®tre. Mais le jour oÃ¹ ces effets secondaires seront visibles, ce sera trop tard, car il nâ€™est pas possible de faire marche arriÃ¨re""
francesoir.fr
""Il faut prendre conscience urgemment des problÃ¨mes de ces vaccins"" - Jean-Marc Sabatier
ENTRETIEN â€” Que savons-nous de lâ€™immunitÃ© ? Comment celle-ci se mobilise-t-elle lors dâ€™une infection ou dâ€™une vaccination ? Quâ€™est-ce que lâ€™immunitÃ© innÃ©e non spÃ©cifique ? Et lâ€™immunitÃ© adaptative ou...
2",,,2,,['https://pbs.twimg.com/card_img/1508807289477734409/med7sxTq?format=png&name=small'],https://twitter.com/Enfantdabord2/status/1477273376699858948
22,Patrick C M Carabin,@PatricarBel,2022-01-01T13:39:05.000Z,"Patrick C M Carabin
@PatricarBel
Â·
1 Jan","Le projet #TÃ©moignages a Ã©tÃ© crÃ©Ã© pour fournir une plate-forme Ã  TOUS ceux qui ont Ã©tÃ© touchÃ©s aprÃ¨s avoir reÃ§u les #vaccins contre le #covid19, et pour sâ€™assurer que leurs voix sont entendues, car elles ne sont pas entendues dans les #mÃ©dias. #covid_19
vaxtestimonies.org
Le projet TÃ©moignages | TÃ©moignages aprÃ¨s la vaccination contre le Covid-19
Le projet TÃ©moignages - TÃ©moignages aprÃ¨s la vaccination contre le Covid-19 The Testimony Project est nÃ© pour fournir une plate-forme Ã  tous ceux qui ont Ã©tÃ© blessÃ©s aprÃ¨s le vaccin corona et pour...",,,,,[],https://twitter.com/PatricarBel/status/1477273171891994625
23,Procureur DÃ©citoyennisÃ©,@menalahy2,2022-01-01T12:47:09.000Z,"Procureur DÃ©citoyennisÃ©
@menalahy2
Â·
1 Jan","Replying to 
@Mandrinvienne
, 
@Brun01160147
 and 
@1jouroulautre
Ben 
@olivierveran
 a traitÃ© les RÃ©sistants au #Vaccins de fous ! 
On est en plein dans le #SoviÃ©tisme avec la #Psychiatrisation des opposants !
2
4",ğŸŒ¹ ğŸŒ¿ ğŸ¦§ ğŸ¦º,,2,4,[],https://twitter.com/menalahy2/status/1477260105213218821
24,ARMEL,@AfrikInsoumise,2022-01-01T13:28:43.000Z,"ARMEL
@AfrikInsoumise
Â·
1 Jan","Bonjour,
Je viens de signer la pÃ©tition Â« NON AU PASS VACCINAL ! Â». Cette cause me tient Ã  cÅ“ur et jâ€™aimerais que le plus de monde possible soit au courant et signe cette pÃ©tition.
Voici le lien: http://leslignesbougent.org/petitions/non-au-pass-vaccinal-5503/â€¦   #France #vaccins #pass #vaccinal
leslignesbougent.org
[PÃ©tition] NON AU PASS VACCINAL !
Le pass vaccinal est une atteinte majeure Ã  lâ€™Etat de droit. Chers amis,  Le projet du gouvernement de transformer le pass sanitaire en pass vaccinal nâ€™est pas une formalit&eac",,,,,['https://pbs.twimg.com/card_img/1508803585542402058/rGGn1sKf?format=png&name=240x240'],https://twitter.com/AfrikInsoumise/status/1477270562070216710
25,AlBaniAlbainPierre,@vtlau1,2022-01-01T11:13:06.000Z,"AlBaniAlbainPierre
@vtlau1
Â·
1 Jan","Replying to 
@vtlau1
 and 
@LCI
AjoutÃ© Ã  Ã§a les 11 #vaccins pour les pitchounes c est vraiment des performances sans honneur #BigPharma #LÃ©giondhonneur #HydroxyChloroquine AgnÃ¨s Buzyn
Ceux qui acceptent la #LegionDHonneur n en ont aucun ce symbole est complÃ¨tement dÃ©voyÃ© #PassVaccinalDeLaHonte
1
3",â“‚ ğŸ˜‚ â“‚,,1,3,[],https://twitter.com/vtlau1/status/1477236436952924163
26,Nico,@Nicolas01011,2022-01-01T10:30:17.000Z,"Nico
@Nicolas01011
Â·
1 Jan","C'Ã©tait un huis clos dÃ©mocratique. 

#BigPharma #Vaccins #Corona
youtube.com
Les rÃ©unions secrÃ¨tes de Big Pharma
Patrons de laboratoires pharmaceutiques, lobbyistes, hommes politiques... les grands acteurs du secteur de la santÃ© se rÃ©unissent dans un lieu privÃ© interdit...",,,,,[],https://twitter.com/Nicolas01011/status/1477225659353251844
27,Maurice BÃ‰TRA,@BetraMaurice,2022-01-01T19:11:41.000Z,"Maurice BÃ‰TRA
@BetraMaurice
Â·
1 Jan","NÃ¼remberg
DÃ©goulinant d'humanitÃ©, nous nous sommes interdit d'Ã©radiquer le Nazisme et ses adeptes jusqu'au dernier

Alors, aujourd'hui voyons refleurir
#FÃœHRERPRINZIP
#Propagande #GOEBBELS
#vaccins #Mengele

Le fameux ""ARBEIT MACHT FREI""
est commuÃ© en

 VAX, PASS, MACHT FREI
RaphaÃ«l Enthoven
@Enthoven_R
 Â· 1 Jan
Jâ€™appelle Â« monstrueux Â» (fou et con) lâ€™antivax qui ose les pires comparaisons.
Show this thread",ğŸ¤” â¡,,,,"['https://pbs.twimg.com/profile_images/1375792403228016644/ViAjRCS-_mini.jpg', 'https://pbs.twimg.com/media/FIAfzxJWYAAFqLf?format=jpg&name=small', 'https://pbs.twimg.com/media/FIAf216WUAI_BEY?format=jpg&name=360x360', 'https://pbs.twimg.com/media/FIAf46hWUAAsQYE?format=jpg&name=360x360']",https://twitter.com/BetraMaurice/status/1477356875142381568
28,Lamuch,@muchlaf,2022-01-01T00:32:04.000Z,"Lamuch
@muchlaf
Â·
1 Jan","Replying to 
@CommissaireEva
 and 
@delphinebatho
Les #antivax ont + peur de #vaccins efficaces et sans risque grave qui sont contrÃ´lÃ©s et suivis dans le  entier sur des milliards de gens que de l'ARN entier du virus mortel ou de se faire injecter des tas de produits Pharma dont on ne connait pas les risques sur la santÃ© !",ğŸ‘€ ğŸŒ ğŸ‘€,,,,['https://pbs.twimg.com/media/FH-f-_tXIAMQdIn?format=jpg&name=small'],https://twitter.com/muchlaf/status/1477075112708952064
29,FranÃ§oise Zannier,@psy_paris,2022-01-01T13:23:38.000Z,"FranÃ§oise Zannier
@psy_paris
Â·
1 Jan","Replying to 
@EmmanuelMacron
Pourquoi vouloir vacciner 100% des FranÃ§ais avec des produits inefficaces et svent dangereux pour 1 maladie touchant moins d'1% d'entre eux ? OÃ¹ sont les Ã©tudes prouvant que ces ""#vaccins"" expÃ©rimentaux protÃ¨gent des formes graves malgrÃ© leur Ã©chec obligeant Ã  rÃ©pÃ©ter les doses ?",,,,,"['https://pbs.twimg.com/media/FIBOfN7WYAEr9tp?format=jpg&name=360x360', 'https://pbs.twimg.com/media/FIBOmh0XsAES4aU?format=jpg&name=360x360', 'https://pbs.twimg.com/media/FIBPKTAXwAM9xgj?format=jpg&name=small', 'https://pbs.twimg.com/media/FIBQSlqXMAE21QT?format=jpg&name=360x360']",https://twitter.com/psy_paris/status/1477269285726683136
30,P'S,@codePS17,2022-01-01T09:45:22.000Z,"P'S
@codePS17
Â·
1 Jan","Le nouveau rapport du
Robert Koch Institut #Allemand ne contient pas le tableau habituel sur l'efficacitÃ© du #vaccins
En revanche, on y trouve les infos sur le statut vaccinal de 4206 cas d'omicron :
- 4020, soit 95,58 % de vaccinÃ©s complets (dont 1137 boostÃ©s)
- 186 non vaccinÃ©s",,,,,[],https://twitter.com/codePS17/status/1477214354189737985
31,ONU DÃ©veloppement,@pnudfr,2022-01-01T07:30:00.000Z,"ONU DÃ©veloppement
@pnudfr
Â·
1 Jan","Le saviez-vous ? Les #vaccins, y compris contre la #COVID19, doivent Ãªtre conservÃ©s au frais pour Ãªtre efficaces, ce qui n'est pas possible sans une alimentation Ã©lectrique fiable. Voici  choses Ã  connaÃ®tre sur l'accÃ¨s Ã  l'Ã©nergie : http://undp-climate.exposure.co/5-choses-a-savoir-sur-lacces-a-lenergieâ€¦ #ODD7 #HealthForAll
1
3",,,1,3,['https://pbs.twimg.com/ext_tw_video_thumb/1476990153579184132/pu/img/kiQV7__wpROTvo7H.jpg'],https://twitter.com/pnudfr/status/1477180289805922308
32,Richard Virginie,@richardvirgin13,2022-01-01T14:31:30.000Z,"Richard Virginie
@richardvirgin13
Â·
1 Jan","Vivre Sainement : Â« Bonne nouvelle, le meilleur est Ã  venir Â». https://qactus.fr/2022/01/01/vivre-sainement-bonne-nouvelle-le-meilleur-est-a-venir/?fb_ref=Yka6ulmAnx-Twitter&utm_source=Twitter&utm_medium=ShareButton&utm_campaign=GetSocialâ€¦ via 
@getsocial_io
 #epidÃ©mie #propagande #etudes #mÃ©decins #oms #vaccins #mensonges #libertÃ©",,,,,[],https://twitter.com/richardvirgin13/status/1477286363091419150
33,Parlons.cash,@libre_service,2022-01-01T08:14:42.000Z,"Parlons.cash
@libre_service
Â·
1 Jan","Replying to 
@mglhrl
 and 
@Mandrinvienne
TÃ©lÃ©toubibs principaux responsable de la suspicion sur les #vaccins. Alors quâ€™ils ne savaient rien ils ont racontÃ© tout et nâ€™importe quoi et son contraire sur fond de guerre dâ€™Ã©go.  
Y en a tâ€™il un seul que se soit EXCUSÃ‰ ? ils continuent et EN PLUS critiquent les sceptiques
1",,,,1,[],https://twitter.com/libre_service/status/1477191537977081856
34,Merry Socialist,@Socialistesque,2022-01-01T16:25:42.000Z,"Merry Socialist
@Socialistesque
Â·
1 Jan","Replying to 
@CLemardele
Moi jâ€™ai peur des #vaccins  mon papa a 1 maladie des riens & aprÃ¨s chaque dois Ã§a sâ€™empire - il refuse dâ€™admettre quâ€™il peut avoir 1 lien avec ces doses. 

En + en juillet lâ€™EU Ã©tait censÃ© enquÃªter sur ce sujet. Ils sont oÃ¹ les rÃ©sultats de ces Ã©tudes?",ğŸŒ¹ ğŸŒ¹ ğŸ­ ğŸ˜¢,,,,[],https://twitter.com/Socialistesque/status/1477315101803921408
35,ARNOULD DUMA,@laguiloute,2022-01-01T14:19:01.000Z,"ARNOULD DUMA
@laguiloute
Â·
1 Jan","Replying to 
@Enfantdabord2
Un grand merci au Pr #Sabatier et Ã  #FranceSoir pour toutes les informations sur les #vaccins, les anticorps de toutes natures, les risques de maladies. 
Je suggÃ¨re Ã  chacun de faire l'effort de lire les deux parties. On y trouve de bons conseils facilement applicables.",,,,,[],https://twitter.com/laguiloute/status/1477283224464285703
36,Patrick C M Carabin,@PatricarBel,2022-01-01T13:17:33.000Z,"Patrick C M Carabin
@PatricarBel
Â·
1 Jan","Replying to 
@denhass1
 and 
@RFI
Les #vaccins utilisÃ©s n'ont pas Ã©tÃ© correctement #testÃ©s avant(il faudrait #10ans),donc les #humains #vaccinÃ©s en 2021/2022 sont des #cobayes,et la plupart l' ignorent.
En PLUS, certains voudraient Ã©tendre les #tests aux #enfants, de plus en plus #jeunes.
C'est la triste #vÃ©ritÃ©.",,,,,[],https://twitter.com/PatricarBel/status/1477267752511590402
37,VieMeilleure,@VMeilleure,2022-01-01T14:48:31.000Z,"VieMeilleure
@VMeilleure
Â·
1 Jan","C'est vraiment le monde Ã  l'envers. Les #nonVacccinÃ©s sont stigmatisÃ©s, harcelÃ©s, privÃ©s de leurs droits, alors qu'ils continuent Ã  cotiser pour payer les tests (qui ne leur sont plus remboursÃ©s) et les #vaccins. Et malgrÃ© tout Ã§a, il y a des #vaccinÃ©s qui rÃ¢lent !",,,,,[],https://twitter.com/VMeilleure/status/1477290646880854017
38,AlBaniAlbainPierre,@vtlau1,2022-01-01T13:09:21.000Z,"AlBaniAlbainPierre
@vtlau1
Â·
1 Jan","Replying to 
@vtlau1
 and 
@KarmaGirl_73
Bref c pas un fiasco mais presque
C est le moment de passer aux traitements et d arrÃªter ce merdier de #PassVaccinalDeLaHonte puisque les #vaccins sont alÃ©atoires et n en sont plus si tu dois faire #4emedose capiche ? ",â“‚ ğŸ˜‚ â“‚ ğŸ˜,,,,[],https://twitter.com/vtlau1/status/1477265689652117513
39,EVA REVE,@evarev1,2022-01-01T09:54:08.000Z,"EVA REVE
@evarev1
Â·
1 Jan","Replying to 
@DoktorYak
 and 
@evivyop
#ADE Facilitation de lâ€™infection due aux anticorps 
Les #vaccins actuels ont fait lâ€™erreur de cibler la protÃ©ine #Spike 
Ã‰tude de #ShiZhengli spÃ©cialiste mondiale des coronavirus 
Molecular Mechanism for Antibody-Dependent Enhancement of Coronavirus Entry
https://journals.asm.org/doi/pdf/10.1128/jvi.02015-19â€¦",,,,,[],https://twitter.com/evarev1/status/1477216564248203268
40,Paix et libertÃ©,@SmokovicJ,2022-01-01T09:40:04.000Z,"Paix et libertÃ©
@SmokovicJ
Â·
1 Jan","Replying to 
@Corsu63
, 
@Contois90050225
 and 
@Macron2022
Quand vous Ãªtes pour Macron vous avez le droit de ne pas porter le masque , comment il faut vous le dire, c'est  idem pour le #vaccins. Vous trouvez Ã§a absurde ? nous aussi, alors sans hÃ©sitation votons pour #Zemmour2022 ",ğŸ™ ğŸ˜‡ ğŸ‘ ğŸ™ ğŸ‘,,,,[],https://twitter.com/SmokovicJ/status/1477213021181296641
41,LValie,@LValie1,2022-01-01T16:10:37.000Z,"LValie
@LValie1
Â·
1 Jan","Replying to 
@11pistache
C'est une putain de blague #COVID19France #BonneAnnee #LREM #PasseVaccinal #vaccins #Macron20h https://twitter.com/Le_Figaro/status/1477243661306015748?t=BcAsPt4zjIRJ1t7G0fyZow&s=19â€¦ Parmi les nouveaux chevaliers de la LÃ©gion d'honneur, on retrouve la directrice exÃ©cutive de l'acadÃ©mie de l'#OMS et ancienne ministre de la #SantÃ© AgnÃ¨s #Buzyn.
Le Figaro
@Le_Figaro
 Â· 1 Jan
#LegionDhonneur  547 personnes distinguÃ©es, dont AgnÃ¨s Buzyn et Jean-FranÃ§ois Delfraissy https://lefigaro.fr/actualite-france/legion-d-honneur-547-personnes-distinguees-dont-agnes-buzyn-et-jean-francois-delfraissy-20220101?utm_medium=Social&utm_campaign=echobox&utm_source=Twitter&origine=VWT16001#Echobox=1641037308-1â€¦
1
1",,1,1,,"['https://pbs.twimg.com/profile_images/1181777707920711680/L0KWKo11_mini.jpg', 'https://pbs.twimg.com/media/FIA5R_TXsAIsd1P?format=jpg&name=small']",https://twitter.com/LValie1/status/1477311308508934150
42,EVA REVE,@evarev1,2022-01-01T13:10:52.000Z,"EVA REVE
@evarev1
Â·
1 Jan","Replying to 
@faminifilm
#ADE 
Les #vaccins actuels ont fait lâ€™erreur de cibler la protÃ©ine #Spike
Ã‰tude de #ShiZhengli spÃ©cialiste mondiale des coronavirus 
MÃ©canisme molÃ©culaire pour la facilitation de lâ€™infection dÃ©pendante des anticorps
https://journals.asm.org/doi/pdf/10.1128/jvi.02015-19â€¦
2",,,2,,[],https://twitter.com/evarev1/status/1477266071258345472
43,Ely PERSY,@EPERSY,2022-01-01T13:06:11.000Z,"Ely PERSY
@EPERSY
Â·
1 Jan","@LCI
 @CNEWS
 @WHO
 @cnni
 @guardian
 @touteleurope
 @coe
 @vonderleyen
 @SharghDaily
 @RFI
  @PrAlainFischer
 @ordre_medecins
 @APHP
 @laFHF
 @FMFofficiel
 @LePoint
 @lopinion_fr
 @lesRepublicains
 INT.Pourquoi 2000 Chercheurs vs #Vaccins MuselÃ©s+500 MÃ©decins Accusent en JUSTICE 
@olivierveran
 ???",,,,,[],https://twitter.com/EPERSY/status/1477264893472563200
44,JF,@JFVARS,2022-01-01T09:26:10.000Z,"JF
@JFVARS
Â·
1 Jan","Replying to 
@Mediavenir
La vaccination Ã§a marche ! ;))
On dit merci au gÃ©nie de l'
@Elysee
 et surtout au grand marabout 
@olivierveran
 !
Ces deux-lÃ  sont des pointures !
Ils sont pas prÃªts de s'arrÃªter de tourner lorsqu'ils seront mis en orbite.
La planÃ¨te toute entiÃ¨re se marre.
#Macron #VÃ©ran #vaccins",,,,,[],https://twitter.com/JFVARS/status/1477209526176817152
45,Moun Aber,@Mounotella,2022-01-02T10:03:04.000Z,"Moun Aber
@Mounotella
Â·
2 Jan","#Danemark 80% de vaccinÃ©s, dont 99% des adultes, au mieux, le nombre des dÃ©cÃ¨s est proche de celui des vagues prÃ©cÃ©dentes. Au pire, comme aux Iles FÃ©roÃ©, vaccinÃ©s Ã  82%, 100% des adultes, c'est Ã  se demander si les #vaccins n'aggravent pas l'Ã©pidÃ©mie
4
71
143",,4,71,143,['https://pbs.twimg.com/media/FIFrhroXEAQqndF?format=png&name=small'],https://twitter.com/Mounotella/status/1477581198503329795
46,Moun Aber,@Mounotella,2022-01-02T10:12:38.000Z,"Moun Aber
@Mounotella
Â·
2 Jan","#IsraÃ«l, Ã§a repart de + belle. Ils ont triple dosÃ© leurs cobayes et hÃ©sitent Ã  envoyer la 4Ã¨me. C'est fou comme ils sont efficaces ces #vaccins. Peut-Ãªtre qu'Ã  la 10Ã¨me, quand tous seront morts de ces injections rÃ©pÃ©tÃ©es, on commencera Ã  voir un effet :
9
55
110",,9,55,110,"['https://pbs.twimg.com/media/FIFtsGeX0AAiJPv?format=png&name=small', 'https://pbs.twimg.com/media/FIFuIiVWUAEmZ-X?format=jpg&name=small']",https://twitter.com/Mounotella/status/1477583607766134784
47,.,@quelquonque1,2022-01-02T15:55:12.000Z,".
@quelquonque1
Â·
2 Jan","Les gens en viendront Ã  aimer leur oppression,Ã  adorer les technologies qui dÃ©truisent leur capacitÃ© Ã  penser.""

Â«la mÃ©decine a fait tellement de progrÃ¨s que presque tout le monde est malade Â»

Aldous Huxley Ã©crivain britannique dans les annÃ©es 1930

#covid #vaccins #sagesse
1
7
41",âš ,1,7,41,['https://pbs.twimg.com/media/FIG83QnXMAIlz0N?format=jpg&name=small'],https://twitter.com/quelquonque1/status/1477669814814580738
48,Didier,@LetItShine69,2022-01-02T09:27:57.000Z,"Didier
@LetItShine69
Â·
2 Jan","CorÃ©e du Sud : Manifestation hier Ã  SÃ©oul contre les mesures sanitaires et l'obligation vax.
#Seoul #coreedusud #PassSanitaire #vaccins #VaccinationObligatoire
3
16
26",ğŸ‘ ğŸ‘ ğŸ‘,3,16,26,['https://pbs.twimg.com/ext_tw_video_thumb/1477572311633043459/pu/img/8xnylcUf3zTSX1XS.jpg'],https://twitter.com/LetItShine69/status/1477572362052804608
49,Les Crayons Flingueurs,@CrayonFlingueur,2022-01-02T16:29:38.000Z,"Les Crayons Flingueurs
@CrayonFlingueur
Â·
2 Jan"," Tatie tu vas pas lui faire Ã  l'envers aussi facilement ! 

#Pfizer #Pfizergate #Vaccin #vaccins #VaccinObligatoire #Vaccination #Veran #LREM #NousSavons #Genocide #VaccineSideEffects
1
5
19",ğŸ’¥ âœ ğŸ”« ğŸ‘Š ğŸ’£ ğŸ’‰ ğŸ’‰ âš  ğŸ¤£ ğŸ¤£ â¬‡,1,5,19,['https://pbs.twimg.com/media/FIHDuiDXoAsSUlt?format=jpg&name=small'],https://twitter.com/CrayonFlingueur/status/1477678482595459075
50,riad,@riadmalek111,2022-01-02T00:00:19.000Z,"riad
@riadmalek111
Â·
2 Jan","en 2020 l humanitÃ© a dÃ©couvert comme quoi la maladie existe, mais ou va le monde?
#Vaccin #vaccins #VaccinezvousBordel #VaccinezVous #PassDeLaHonte #PassSanitaire #PassSanitaire #Covid_19 #covidlong #covid19Qc #coronavirus
1",,,,1,['https://pbs.twimg.com/media/FIDhBoGXoAEGi1v?format=jpg&name=small'],https://twitter.com/riadmalek111/status/1477429510035460097
51,Docteur Frexit,@DocteurFrexit,2022-01-02T02:54:29.000Z,"Docteur Frexit
@DocteurFrexit
Â·
2 Jan","Les #vaccins Ã  rÃ©pÃ©tition dÃ©truisent le systÃ¨me immunitaire
crowdbunker.com
Injections Ã  rÃ©pÃ©tition et immunitÃ© - Alexandra Henrion-Caude -...
Injections gÃ©nÃ©tiques Ã  rÃ©pÃ©tition et systÃ¨me immunitaire. L'immunitÃ© : https://maloxxx8.wixsite.com/malonaturo/post/un-mot-sur-l-immunit%C3%A9
1
1
2",,1,1,2,['https://pbs.twimg.com/card_img/1510743036975845387/MA3q5e1N?format=jpg&name=240x240'],https://twitter.com/DocteurFrexit/status/1477473341296590850
52,c. jeannot,@jeannotdupeuple,2022-01-02T10:10:57.000Z,"c. jeannot
@jeannotdupeuple
Â·
2 Jan","""L'idÃ©e que le vaccin protÃ¨ge des formes graves doit Ãªtre rejetÃ©e:Dr #MichelDeLorgeril,expert international en cardiologie&nutrition affirmait""les Ã©tudes sur l'efficacitÃ© ds #Vaccins sont des simulacres de sciences""#FranceSoir
#PassEM&VP=non
#Zemmour2022
#Cnews #LCI #BFMTV
1
1",,,1,1,[],https://twitter.com/jeannotdupeuple/status/1477583182442680321
53,laffont mickael (#SansLui),@MickaelLaffont,2022-01-02T20:19:20.000Z,"laffont mickael (#SansLui)
@MickaelLaffont
Â·
2 Jan","Replying to 
@RogezVeronique
Quand on pense que la pandÃ©mie est finie avec ce rhume #Omicron

#Veran et #Macron qui s'en servent Ã  des fins Ã©lectorales et que ce #PassVacinal n'a aucun intÃ©rÃªt que d'Ã©couler les stocks de #Vaccins commandÃ©s par l'#Europe

Quelle honte ce pays et ses vendus

Bcp de courage Mme
4
36",,,4,36,[],https://twitter.com/MickaelLaffont/status/1477736289051021321
54,ZPresidentZ0ZZ,@MinghongHC,2022-01-02T22:14:13.000Z,"ZPresidentZ0ZZ
@MinghongHC
Â·
2 Jan","#EmmanuelMacron  ou le mÃ©pris du premier de la classe
Une dose, deux doses, trois doses...
Des #EffetsSecondaires,  morts de #vaccins ...
Est-ce-que #Macron tue les FranÃ§ais exprÃ¨s pour la dÃ©population??  
#MacronDemission
#passedelahonte
#PasseVaccinal #PassSanitaireDeLaHonte
1",,,,1,['https://pbs.twimg.com/ext_tw_video_thumb/1477765152644780035/pu/img/VZm2MCUGn8Kz822K.jpg'],https://twitter.com/MinghongHC/status/1477765198807248898
55,FranÃ§oise Zannier,@psy_paris,2022-01-02T20:12:45.000Z,"FranÃ§oise Zannier
@psy_paris
Â·
2 Jan","Les masques Ã  l'Ã©cole ne sont ni #science ni #religion. Juste une consÃ©quence des conflits d'intÃ©rÃªts sÃ©vissant dans les instances dÃ©cisionnelles, et une des conditions prÃ©alables Ã  l'imposition des ""#vaccins""...
Dimitri Jacques
@DimitriJacques
 Â· 2 Jan
Pour la n-iÃ¨me fois, Â« il n'existe aucune base scientifique Ã  l'usage du  Ã  l'Ã©cole. Ce n'est pas de la science mais de la religion. Nous savons seulement que c'est trÃ¨s mauvais psychologiquement pour les enfants. Â» @idrissaberkane
Allons-nous cette annÃ©e cesser cette folie ?
Show this thread
1:41
31.1K views
2
4",âœ ğŸ˜·,,2,4,['https://pbs.twimg.com/profile_images/1500052893768073218/IB4cDzz-_mini.jpg'],https://twitter.com/psy_paris/status/1477734632074342401
56,pierrot le zygo,@pierrotlezygo,2022-01-02T20:45:36.000Z,"pierrot le zygo
@pierrotlezygo
Â·
2 Jan",Pfizer recommande lâ€™abonnement style Netflix pour un rappel par mois  #Pfizergate #pfizer #Rappel #Vaccin #VaccinationObligatoire #vaccins #mesuressanitaire #pierrotlezygo,,,,,['https://pbs.twimg.com/media/FIH_VVXXsAAk7Bf?format=jpg&name=small'],https://twitter.com/pierrotlezygo/status/1477742898074591242
57,LibertÃ©,@JournaLiberteDZ,2022-01-02T21:04:31.000Z,"LibertÃ©
@JournaLiberteDZ
Â·
2 Jan","Demain Ã  la UNE de #LibertÃ© 
Ã‰dition du 03 janvier 2022
#SÃ©nat #Tebboune #HCA #Tamazight #APC #MJS #Covid19 #Vaccins #Pain #Ã‰migrÃ©s #Harraga #AlgÃ©rie
1
4
10",,1,4,10,['https://pbs.twimg.com/media/FIH7nVJXsAwqc43?format=jpg&name=small'],https://twitter.com/JournaLiberteDZ/status/1477747658202746885
58,Body Fitness Guillaume,@Fitness_Guigui,2022-01-02T06:45:14.000Z,"Body Fitness Guillaume
@Fitness_Guigui
Â·
2 Jan","#Quebec #news #vaccins #PassSanitaire #PassDeLaHonte Amis du Quebec, trouvez moi cette salope de putain de pourriture de limace dÃ©cÃ©rÃ©brÃ©e et brÃ»lez le en place public. MÃªme Twitter a censurÃ© son Tweet, c'est dire ! Et le type est Ã©crivain !",,,,,['https://pbs.twimg.com/media/FIE-_Y8XsAURxwt?format=jpg&name=small'],https://twitter.com/Fitness_Guigui/status/1477531413343842306
59,BPR,@ByzancePhotos,2022-01-02T13:03:15.000Z,"BPR
@ByzancePhotos
Â·
2 Jan"," ""Le quinquagÃ©naire totalement #vaccinÃ©, non immunodÃ©primÃ© et en #rÃ©animation est un fantasme d'#antivax""     

#Veran #VeranEnPrison #Vaccin #vaccins #vaccination #PassVaccinal #PassVacinal
Le JDD
@leJDD
 Â· 2 Jan
Le ministre de la SantÃ© Olivier VÃ©ran au JDD: ""Le quinquagÃ©naire totalement vaccinÃ©, non immunodÃ©primÃ© et en rÃ©animation est un fantasme d'antivax"" https://lejdd.fr/Politique/le-ministre-de-la-sante-olivier-veran-au-jdd-la-cinquieme-vague-de-covid-19-est-peut-etre-la-derniere-4085600?Echobox=1641076576#utm_medium=Social&xtor=CS1-4&utm_source=Twitterâ€¦
1",ğŸ¤£ ğŸ¤£ ğŸ¤£ â¤µ,,,1,"['https://pbs.twimg.com/media/FIGU3GvX0AApyfe?format=jpg&name=small', 'https://pbs.twimg.com/profile_images/757842496181248000/wcTzloxR_mini.jpg', 'https://pbs.twimg.com/media/FIFlv4PXMAA1cN3?format=jpg&name=240x240']",https://twitter.com/ByzancePhotos/status/1477626541525897219
60,FranÃ§ois-Xavier Consoli,@FranXavConsoli,2022-01-02T22:52:29.000Z,"FranÃ§ois-Xavier Consoli
@FranXavConsoli
Â·
2 Jan","#Amsterdam: tandis que les gestionnaires de notre continent font les yeux doux aux jeunes extra-europÃ©ens, qu'ils droguent les masses Ã  coups de #vaccins et d'argent gratis pour les rendre apathiques, ils lÃ¢chent les clebs sur les rÃ©calcitrants. La guerre vient d'abord d'en haut.
The following media includes potentially sensitive content. Change settings
View
2
5",,,2,5,[],https://twitter.com/FranXavConsoli/status/1477774829382246413
61,Hdebonnevolonte,@Enfantdabord2,2022-01-02T17:10:13.000Z,"Hdebonnevolonte
@Enfantdabord2
Â·
2 Jan","Replying to 
@noemiemln
Non, car en Allemagne il y a 70% de vaccinÃ©s. Donc si 90% attrapent #OMicron, vous voyez bien quâ€™il y a un gros problÃ¨me dâ€™efficacitÃ© des #vaccins actuellement autorisÃ©s.
1
1",,,1,1,['https://pbs.twimg.com/media/FIHOCNjX0A8Pk3u?format=jpg&name=small'],https://twitter.com/Enfantdabord2/status/1477688693817323523
62,Mr_Anderson,@Kaos291,2022-01-02T17:22:08.000Z,"Mr_Anderson
@Kaos291
Â·
2 Jan","Dr Peter McCullough :
Les mandats des #vaccins C19 Â« doivent Ãªtre abrogÃ©s Â» car les #vaccins  sont Â« toujours en recherche Â» et Â« les gens ne peuvent pas Ãªtre mandatÃ©s pour participer Ã  la recherche Â»
@olivierveran
 
#COVID19 
#vaccination
theepochtimes.com
Dr. Peter McCullough: Vaccine Mandates Should Be Repealed
COVID-19 vaccine mandates ""have to be repealed"" as the vaccines are ""still in research"" and ""people cannot be ...
1
1
1",ğŸ’¥ ğŸ’¥,1,1,1,['https://pbs.twimg.com/card_img/1508822672825896961/y27yWNg2?format=jpg&name=small'],https://twitter.com/Kaos291/status/1477691693872918540
63,VALLÃ‰E Jean-Claude,@jclvallee1,2022-01-02T09:45:47.000Z,"VALLÃ‰E Jean-Claude
@jclvallee1
Â·
2 Jan",#SANTEBonne questionâ€¦ #Vaccins anti #covid-19 : vers des rappels annuels ? Bisannuels ? Trimestriels ? Mensuels ? https://reseauinternational.net/vaccins-anticovid-19-vers-des-rappels-annuels-bisannuels-trimestriels-mensuels/â€¦,âš• ğŸ¥ ğŸ’‰,,,,['https://pbs.twimg.com/media/FIFoS4fXIAAmj84?format=jpg&name=small'],https://twitter.com/jclvallee1/status/1477576849672884230
64,Sophie Ritter #ADNFrance,@so_ritter,2022-01-02T14:23:00.000Z,"Sophie Ritter #ADNFrance
@so_ritter
Â·
2 Jan","Quand la logique de dÃ©butant explique l'Ã©chec et la dangerositÃ© des #vaccins #COVID19 #EffetsSecondaires #GreveGenerale
francesoir.fr
Pourquoi les vaccinations intramusculaires anti-Covid 19 ne peuvent qu'eÌchouer
TRIBUNE â€” Dans cet article de dÃ©but dÃ©cembre 2021, le Dr Sucharit Bhakdi et ses collÃ¨gues (dont l'un a prÃ©fÃ©rÃ© rester anonyme) expliquent trÃ¨s pÃ©dagogiquement pourquoi les inoculations intramuscula...
1",ğŸ¦‹ ğŸ¦… ğŸ»,,1,,['https://pbs.twimg.com/card_img/1508812449985744905/pOe3xcjp?format=jpg&name=small'],https://twitter.com/so_ritter/status/1477646613669683200
65,NielsL,@NielsLeblic,2022-01-02T10:36:46.000Z,"NielsL
@NielsLeblic
Â·
2 Jan","Je suis pro-vax. J'avais mes 3 doses dÃ©but dÃ©cembre. Mais si je dois me refaire piquer tous les 4 mois, cela veut simplement dire que les #vaccins dont nous disposons actuellement ne sont plus efficaces. Surtout qu'ils ne sont faits que pour empÃªcher les formes graves. #COVID19
Nicolas Berrod
@nicolasberrod
 Â· 2 Jan
A partir du 15 fÃ©vrier, toute personne n'ayant pas reÃ§u sa dose de rappel 4 mois aprÃ¨s la prÃ©cÃ©dente (et n'ayant pas Ã©tÃ© infectÃ©e entre temps) perdra son pass sanitaire/vaccinal, contre 7 mois actuellement, annonce O.VÃ©ran au JDD. https://lejdd.fr/Politique/le-ministre-de-la-sante-olivier-veran-au-jdd-la-cinquieme-vague-de-covid-19-est-peut-etre-la-derniere-4085600?Echobox=1641076319#utm_medium=Social&xtor=CS1-4&utm_source=Twitterâ€¦
Show this thread
1
1",,1,,1,['https://pbs.twimg.com/profile_images/1423080128628891648/NkswcJqj_mini.jpg'],https://twitter.com/NielsLeblic/status/1477589677628604417
66,https://framapiaf.org/@benjamin,https://framapiaf.org/@benjamin,2022-01-02T12:04:11.000Z,"https://framapiaf.org/@benjamin
@benjamin_egon
Â·
2 Jan","Ces derniers jours festifs ont permis de prouver ce qui est maintenant Ã©vident : les #vaccins n'ont servi Ã  rien, et les tests PCR dysfonctionnent. Dans la population de personnes qui se pensaient 'protÃ©gÃ©es' car #vaccinÃ©, combien ont eu un doute, voire une prise de conscience ?
1",,,,1,[],https://twitter.com/benjamin_egon/status/1477611677029961731
67,Eve Vatferchier Ï†,@Eve_Vatferchier,2022-01-02T09:58:42.000Z,"Eve Vatferchier Ï†
@Eve_Vatferchier
Â·
2 Jan","La belle et fameuse charitÃ© chrÃ©tienne je suppose
#Covid_19 #PassSanitaire #PasseVaccinal #PassDeLaHonte #Vaccin #VaccinationObligatoire #vaccins #COVIDIOTS
Brusa Carlo Alberto
@cab2626
 Â· 1 Jan
La charitÃ© chrÃ©tienne est sans limites et elle ouvre les porte de lâ€™enfer â€¦â€¦â€¦â€¦â€¦..",ğŸ’§ ğŸŒ ğŸ¢ ğŸ¤®,,,,"['https://pbs.twimg.com/profile_images/1402650658029948931/ZSp_QM70_mini.jpg', 'https://pbs.twimg.com/media/FICx5msWQAAvZ33?format=jpg&name=small']",https://twitter.com/Eve_Vatferchier/status/1477580100354908160
68,Talondachille,@Unpoilagratter,2022-01-02T20:38:57.000Z,"Talondachille
@Unpoilagratter
Â·
2 Jan","Quand des dizaines dâ€™enfants dÃ©veloppent un #alzeimer en quelques semaines... câ€™est juste ""bizarre"". 

#vaccins 
#EffetsSecondaires
#TroublesCognitifs
#omerta #mensonges
rt.com
Bizarre neurological illness plagues young Canadians â€” RT World News
Dozens of young people with no preexisting conditions are developing symptoms of a new disease as activists and families suspect a cover-up on the part of the local government.",,,,,['https://pbs.twimg.com/card_img/1511246957502603267/uUV1WXbh?format=jpg&name=small'],https://twitter.com/Unpoilagratter/status/1477741224039751684
69,Uther,@__Uther_,2022-01-02T13:44:14.000Z,"Uther
@__Uther_
Â·
2 Jan","Quoi qu'en dise cette vieille relique de #Grimaldi, j'ai tout de mÃªme l'impression que nous sommes bien plus Ã  Ãªtre opposÃ©s Ã  ces pseudo #vaccins que ce que les chiffres officiels...affirment.",,,,,[],https://twitter.com/__Uther_/status/1477636857701744645
70,FranÃ§ois LeConfinÃ©MasquÃ©,@ConfineMasque,2022-01-02T12:26:04.000Z,"FranÃ§ois LeConfinÃ©MasquÃ©
@ConfineMasque
Â·
2 Jan","Replying to 
@BFMTV
Patrick Pelloux ferait mieux de s'informer et d'Ã©couter ce #virologue et expert en #vaccins, plutÃ´t qu'Ã  juger de quoi que ce soit, et qui contrevient par ailleurs au principe du #PrimumNonNocere ! #NonALaVaccinationObligatoire #NonAuPassVaccinal :
FranÃ§ois LeConfinÃ©MasquÃ©
@ConfineMasque
 Â· 30 Dec 2021
Une interview du #Virologue et Expert en #Vaccins Geert Vanden Bossche, pour mieux comprendre scientifiquement pourquoi une stratÃ©gie de ""#vaccination en masse"" face Ã  la #Covid19 est une #erreur Ã  plus d'un titre : https://youtu.be/nr-1W18i4gM?t=98â€¦ #NonAuPassVaccinal #nonvaccines
Show this thread
2
5",,,2,5,"['https://pbs.twimg.com/profile_images/1256523283987603461/ovQwjEGf_mini.jpg', 'https://pbs.twimg.com/media/FH32oqjXMAMUtL-?format=jpg&name=small']",https://twitter.com/ConfineMasque/status/1477617187573673984
71,BPR,@ByzancePhotos,2022-01-02T12:19:03.000Z,"BPR
@ByzancePhotos
Â·
2 Jan"," Patchez vous, Patchez vous, Patchez vous !      ""Il sâ€™agit dâ€™un vaccin complÃ©mentaire aux autres vaccins dÃ©jÃ  existants."" #Vaccin #vaccins #vaccination #PassVacinal #PasseVaccinal
L'actu genevoise
@tdgGeneve
 Â· 2 Jan
Lutte contre le Covid-19: Un vaccin prÃ©vu sous forme de patch va Ãªtre testÃ© http://dlvr.it/SGP02D
1",ğŸ¤£ ğŸ¤£ ğŸ¤£ â¤µ,,,1,['https://pbs.twimg.com/profile_images/456081461255229440/pKBXa9aL_mini.jpeg'],https://twitter.com/ByzancePhotos/status/1477615420895027201
72,BPR,@ByzancePhotos,2022-01-02T12:43:47.000Z,"BPR
@ByzancePhotos
Â·
2 Jan","Le #vaccin, c'est comme le carburant pour un vÃ©hicule ! 
Il y va y avoir le SP95, SP95-E10, SP98, E85, diesel, GPL ou encore bioÃ©thanol ou super-Ã©thanol !  #vaccins #vaccination #PassVaccinal #PassVacinal #patrickpelloux
BFMTV
@BFMTV
 Â· 2 Jan
Patrick Pelloux: ""Il y aura, c'est une Ã©vidence, cette annÃ©e un nouveau vaccin contre la Covid-19 qui tiendra compte des variations du virus""
1",ğŸ¤£ ğŸ¤£ ğŸ¤£,1,,,"['https://pbs.twimg.com/profile_images/1489959309148659715/Vf0JLG2c_mini.jpg', 'https://pbs.twimg.com/media/FIGB83MXEAISZdd.jpg']",https://twitter.com/ByzancePhotos/status/1477621643736403980
73,Le mÃ©got de Notre-Dame,@Lafontainelili1,2022-01-02T22:54:45.000Z,"Le mÃ©got de Notre-Dame
@Lafontainelili1
Â·
2 Jan","36 627 #morts des #vaccins #COVID19, en Europe, depuis le dÃ©but de la vaccination de masse en pleine #Pandemie (au moins).
CourrierDesStratÃ¨ges
@CStrateges
 Â· 2 Jan
On peut discuter de tout, sauf des chiffresâ€¦
1",,,1,,"['https://pbs.twimg.com/profile_images/1389995724599959553/3YjMeH6O_mini.jpg', 'https://pbs.twimg.com/media/FIF7pO6XoAELlDj?format=jpg&name=360x360', 'https://pbs.twimg.com/media/FIF7pO6X0AombcK?format=jpg&name=360x360']",https://twitter.com/Lafontainelili1/status/1477775398909927427
74,Rhonda Mangus,@rhonda_mangus,2022-01-02T18:43:41.000Z,"Rhonda Mangus
@rhonda_mangus
Â·
2 Jan","Canada has a problem and IT IS NOT COVID19
Le Canada a un problÃ¨me et CE N'EST PAS COVID19

IT IS Prime Minister Justin Trudeau
C'EST le premier ministre Justin Trudeau
https://westernstandardonline.com/2021/12/trudeau-calls-the-unvaccinated-racist-and-misogynistic-extremists/â€¦ #Canada #JustinTrudeau #Vaccines #Racist #vaccins #raciste #misogyne #COVID19
westernstandardonline.com
Trudeau calls the unvaccinated racist and misogynistic extremists
But he said the people of Quebec are not the problem and questioned whether the rest of Canada needs to",,,,,['https://pbs.twimg.com/card_img/1509249089086533633/7zEAZ73P?format=jpg&name=small'],https://twitter.com/rhonda_mangus/status/1477712216740798472
75,Coquelicot Bleu,@Coquelicot_B,2022-01-02T12:56:40.000Z,"Coquelicot Bleu
@Coquelicot_B
Â·
2 Jan","Des rÃ©sultats dâ€™autopsie donnent des preuves irrÃ©futables du rÃ´le des injections Ã  base dâ€™ARNm dans les dÃ©cÃ¨s post vaccination
#StopHysterieSanitaire #StopHysterieVaccinale #Resistance #NonAuPassVaccinal #nonauPasseVaccinal #COVID #covidvariant #vaccins 

https://lesakerfrancophone.fr/des-resultats-dautopsie-donnent-des-preuves-irrefutables-du-role-des-injections-a-base-darnm-dans-les-deces-post-vaccinationâ€¦",,,,,[],https://twitter.com/Coquelicot_B/status/1477624886403244037
76,LValie,@LValie1,2022-01-02T15:33:51.000Z,"LValie
@LValie1
Â·
2 Jan","Replying to 
@LValie1
""Le Pressentiment"" par 
@agnesbuzyn
https://jeanmarcmorandini.com/article-485293-colere-agnes-buzyn-qui-avait-quitte-le-ministere-de-la-sante-en-pleine-crise-du-covid-va-etre-promue-chevalier-de-la-legion-d-honneur-par-le-president-de-la-republique.htmlâ€¦ Celle qui est aujourd'hui directrice exÃ©cutive de lâ€™AcadÃ©mie de lâ€™#OMS va Ãªtre promue chevalier.#Buzyn #BUZYNENPRISON #conseildedefense #CouvreFeu #GreveGenerale #RentreeDecalee #EffetsSecondaires #AlloPapaNoel #vaccins
1",ğŸ,1,,,['https://pbs.twimg.com/ext_tw_video_thumb/1477664325695426569/pu/img/OUcEEkUswfXYpOQm.jpg'],https://twitter.com/LValie1/status/1477664443282690048
77,ARNOULD DUMA,@laguiloute,2022-01-02T13:34:27.000Z,"ARNOULD DUMA
@laguiloute
Â·
2 Jan","Excellent fil sur le biais d'ancrage : lorsqu'on s'est fait une opinion, on se dÃ©brouille pour ignorer tous les signaux qui viennent contredire notre position. Ici appliquÃ© aux #vaccins. Ã€ lire !
Jean-Jacques Ohana
@jjohana
 Â· 1 Jan
Les vaccins Covid et le biais dâ€™ancrage 

Le biais de lâ€™ancrage se dÃ©finit par la difficultÃ© de notre esprit Ã  se dÃ©faire dâ€™une conviction initiale sur un sujet ou sur une personne. 
1/end
Show this thread
1",,,,1,['https://pbs.twimg.com/profile_images/1341411341278568448/UkoJCe3G_mini.jpg'],https://twitter.com/laguiloute/status/1477634395800543232
78,c. jeannot,@jeannotdupeuple,2022-01-02T17:11:06.000Z,"c. jeannot
@jeannotdupeuple
Â·
2 Jan","Â«#BigPharma doit donner son produit #ARNm aux #Enfants car câ€™est le moyen d'obtenir une immunitÃ© juridique si ls #Vaccins autorisÃ©s en Urgence sont recommandÃ©s pour ls #EnfantsÂ» R.#KennedyJr
#PassEM&VP=non
#Zemmour2022
#Cnews #LCI #BFMTV",,,,,[],https://twitter.com/jeannotdupeuple/status/1477688916547452937
79,yves,@yves0101010,2022-01-02T12:47:39.000Z,"yves
@yves0101010
Â·
2 Jan","#Megarbane #lci
Quand l'Ã©tat, le gouvernement, assumeront les #vaccins, les effets secondaires et indemniseront ceux qui en ont, je me ferai #vacciner.
Des reportages : effets secondaires/durÃ©es/indemnisations ?
C'est pour quand ?",,,,,[],https://twitter.com/yves0101010/status/1477622616777269251
80,Non Mais Dis Donc,@Non_MaisDisDonc,2022-01-02T16:25:26.000Z,"Non Mais Dis Donc
@Non_MaisDisDonc
Â·
2 Jan","Ces #Patriotes comme ils sâ€™appellent pensant Ãªtre en guerre Ã  lâ€™Ã©tranger alors que la France est une fratrie, sâ€™imaginent devenir la pÃ¢le copie du Flynn-trumpisme alors que la #France  a son propre destin

Câ€™est #Trump qui a lancÃ© les #vaccins contre sa psychose chinoise #ARNm
Zulu
@Zulu18360299
 Â· 2 Jan
AprÃ¨s Trump et Macron, c'est Le Pen qui incite Ã  la vaccination gÃ©nÃ©tique ses concitoyens.
Ces dÃ©clarations politiciennes ne changent pas ma balance bÃ©nÃ©fice-risques, personnellement j'attendrai les vaccins traditionnels plus sÃ»rs. twitter.com/lepenjm/statusâ€¦",,,,,['https://pbs.twimg.com/profile_images/1154360975224659968/XF1GpsSK_mini.jpg'],https://twitter.com/Non_MaisDisDonc/status/1477677425148506116
81,Eric Diss,@eric_diss,2022-01-02T18:07:11.000Z,"Eric Diss
@eric_diss
Â·
2 Jan","Replying to 
@lHoebbs
 @PopsiNFT
  and 2 others
Et voici la liste des #EffetsSecondaires liÃ©s aux #vaccins",,,,,['https://pbs.twimg.com/media/FIHa0-yX0A0VvC6?format=png&name=small'],https://twitter.com/eric_diss/status/1477703029839249408
82,RÃ©fÃ©renceur des entreprises,@Referentreprise,2022-01-02T14:57:15.000Z,"RÃ©fÃ©renceur des entreprises
@Referentreprise
Â·
2 Jan","D'aprÃ¨s ce Dr:
-Une machine Ã  tuer avec de multiples mÃ©canismes (8) expÃ©rimentaux.
-19 jours pour les premiers effets majeurs.
-48 semaines soit 1 an environ avant les effets les plus nÃ©fastes. 
-Le tout diffÃ¨re suivant les sujets
#VaccinationObligatoire #vaccins #Vaccin
Cat â€ 
@Catharsis777
 Â· 2 Jan
POUR LE DR SHERRI TENPENNY LES VACINS SONT DES MACHINES Ã€ TUER PARFAITEMENT CONÃ‡UES https://rumble.com/vgxxh3-pour-le-dr-sherri-tenpenny-les-vacins-sont-des-machines-tuer-parfaitement-c.htmlâ€¦",,,,,['https://pbs.twimg.com/profile_images/771074480571555840/4WCCTLL0_mini.jpg'],https://twitter.com/Referentreprise/status/1477655233891385344
83,Frede,@HolzJourdin,2022-01-02T08:43:34.000Z,"Frede
@HolzJourdin
Â·
2 Jan"," voilÃ  2 scientifiques extraordinaires 
@nicolasberrod
 #Omicron #variants #Variant #VaccinationObligatoire ##Vaccin #Vaccins
Prof Peter Hotez MD PhD
@PeterHotez
 Â· 2 Jan
ALERT: Patent free COVID vaccine from Texas proves innovation does not require obscene drug pricing â¦@dailykosâ©  https://dailykos.com/story/2022/1/1/2072178/-ALERT-Patent-free-COVID-vaccine-from-Texas-proves-innovation-does-not-require-obscene-drug-pricingâ€¦",â— â¬‡,,,,['https://pbs.twimg.com/profile_images/1360612738410688513/FGgVAPpY_mini.jpg'],https://twitter.com/HolzJourdin/status/1477561190872137728
84,daphnÃ©e matricule497,@mydaphne,2022-01-02T19:31:16.000Z,"daphnÃ©e matricule497
@mydaphne
Â·
2 Jan","Cequi est absolument dingue avec ce gouvernement câ€™est que toutes les infos infÃ¢mes passent par des journaux qui se veulent populaires Ils sont fous #vaccins
TV LibertÃ©s
@tvlofficiel
 Â· 2 Jan
#Covid-19 : La 3e dose de rappel du #vaccin devra Ãªtre faite entre 3 et 4 mois aprÃ¨s la prÃ©cÃ©dente, et non plus entre 3 et 7 mois, annonce Olivier #VÃ©ran dans le JDD
https://tvlibertes.com/actus/covid-19-la-3e-dose-de-rappel-du-vaccin-devra-etre-faite-entre-3-et-4-mois-apres-la-precedente-et-non-plus-entre-3-et-7-mois-annonce-olivier-veran-dans-le-jddâ€¦",,,,,['https://pbs.twimg.com/profile_images/826044191226605569/npbS9c2r_mini.jpg'],https://twitter.com/mydaphne/status/1477724191218667529
85,KRIZO,@KrizoTheatre,2022-01-02T21:06:49.000Z,"KRIZO
@KrizoTheatre
Â·
2 Jan",#virus #covid #vaccins #antivax #colere #revolte #revolution #passif #canapÃ© #rienfaire #jemenfout le very bad trip c'est de se dire qu'en vrai c'est Ã§a...... https://vstreamcomplet.com/6462-dont-look-up-dni-cosmique-streaming.htmlâ€¦,,,,,[],https://twitter.com/KrizoTheatre/status/1477748237226455050
86,AlBaniAlbainPierre,@vtlau1,2022-01-02T12:57:28.000Z,"AlBaniAlbainPierre
@vtlau1
Â·
2 Jan","#manu1er a contactÃ© JMLP pour convaincre d #Patriotes de se faire #vacciner l homme a+de 90 ans et n a pas toutes les infos sur les faux #vaccins c est encore de l #abusdefaiblesse ils n hÃ©sitent devant rien #manipulation  #StopDictatureSanitaire
#covid #StopHysterieSanitaire
Jean-Marie Le Pen
@lepenjm
 Â· 2 Jan
La #Covid_19 nous a dÃ©clarÃ© la guerre bactÃ©riologique. Pour eux et aussi pour nous, je demande Ã  tous les patriotes de se faire vacciner.AmitiÃ©s.",â“‚ ğŸ˜‚ â“‚ ğŸ˜,,,,['https://pbs.twimg.com/profile_images/656881004620193792/J5RpIYFJ_mini.png'],https://twitter.com/vtlau1/status/1477625089533386752
87,Afrimag,@Afrimag_,2022-01-02T15:50:15.000Z,"Afrimag
@Afrimag_
Â·
2 Jan","Vaccins : 64 pays bÃ©nÃ©ficient de financements de la Banque mondiale   #banquemondiale #covax #vaccins #financement #oms
afrimag.net
Vaccins : 64 pays bÃ©nÃ©ficient de financements de la Banque mondiale  
Dans son bilan 2021, la Banque mondiale rÃ©vÃ¨le que plus de 64 pays bÃ©nÃ©ficient de ses financements pour lâ€™achat et le dÃ©ploiement de vaccins anti-Covid, pour un montant total de 6,3 milliards de...",,,,,['https://pbs.twimg.com/card_img/1510743088070864902/1tejFUQh?format=jpg&name=small'],https://twitter.com/Afrimag_/status/1477668568569417731
88,Athanase de la Contrie,@La_verite_31,2022-01-02T19:53:28.000Z,"Athanase de la Contrie
@La_verite_31
Â·
2 Jan","J'en ai marre de lire les conneries sur twitter des #antivaxx autoproclamÃ©s spÃ©cialistes et experts en mÃ©decine.

Vous pouvez vous dÃ©sabonner, cela n'a plus d'intÃ©rÃªt pour moi.
Bien Ã  vous.

#Covid_19 #Vaccin #vaccins
1",,,,1,[],https://twitter.com/La_verite_31/status/1477729778438397953
89,Francois,@n95i,2022-01-02T19:42:46.000Z,"Francois
@n95i
Â·
2 Jan","Pour mÃ©moire, #vaccins... 
https://youtu.be/STPopTOrPVE sÃ©quence culte par 
@LesGuignols
youtube.com
LÃ©ger prix des vaccins pour la grippe aviaire - Les Guignols - CANAL+
GÃ‰NÃ‰RATION GUIGNOLS câ€™est lâ€™occasion de retrouver les marionnettes dans tout ce qui les a rendu inoubliables de Johnny Hallyday Ã  Jacques Chirac en passant p...
1
2",,,1,2,['https://pbs.twimg.com/card_img/1508781053414031363/n6UlqBna?format=jpg&name=240x240'],https://twitter.com/n95i/status/1477727086701953026
90,FranÃ§oise Zannier,@psy_paris,2022-01-02T12:13:36.000Z,"FranÃ§oise Zannier
@psy_paris
Â·
2 Jan","#COVID19> ""#vaccins"" et ""#vaccination"" expÃ©rimentale massive> Rappel de l'avis de l'OMS aux accusateurs des non-""vaccinÃ©s""> ""DES PROGRAMMES DE RAPPEL SANS DISCERNEMENT ONT TOUTES LES CHANCES DE PROLONGER LA PANDÃ‰MIE PLUTÃ”T QUE D'Y METTRE FIN...""
youtube.com
Â«Aucun pays ne pourra se sortir de la pandÃ©mie Ã  coups de doses de...
Le patron de l'OMS a mis en garde mercredi contre l'illusionselon laquelle il suffirait d'administrer des doses de rappel pour se sortir dela pandÃ©mie de Cov...
1
2",,,1,2,['https://pbs.twimg.com/card_img/1509524774501986310/5QBb-fob?format=jpg&name=240x240'],https://twitter.com/psy_paris/status/1477614049437360129
91,FranÃ§oise Zannier,@psy_paris,2022-01-02T21:07:31.000Z,"FranÃ§oise Zannier
@psy_paris
Â·
2 Jan","#COVID19> Lettre d'un mÃ©decin suspendu Ã  l' 
@ordre_medecins
> #vaccins expÃ©rimentaux et respect des #droits des personnes> Une leÃ§on d'#Ã©thique mÃ©dicale que tout le monde devrait lire... https://lesakerfrancophone.fr/lettre-ouverte-dun-medecin-francais-suspendu-aux-conseils-de-lordre-des-medecinsâ€¦
2
2",,,2,2,[],https://twitter.com/psy_paris/status/1477748411604643848
92,RÃ©mi-Ange C,@RemiAngeC,2022-01-02T17:44:48.000Z,"RÃ©mi-Ange C
@RemiAngeC
Â·
2 Jan","Replying to 
@hyperfraise
Toutes les rÃ©ponses et non rÃ©ponses dans cet article d'un journal sÃ©rieux du centre-ouest 
#Vaccin #vaccins
lanouvellerepublique.fr
Vaccin ""efficace Ã  90 %"" : quâ€™est-ce que signifie ce chiffre ?
Depuis dÃ©but novembre, trois candidats vaccins contre le Covid-19 ont Ã©tÃ© annoncÃ©s avec des pourcentages dâ€™efficacitÃ© de 90 % et plus. Comment est calculÃ© ce pourcentage et que veut-il dire de...
1",ğŸ™ ğŸŒˆ â˜® ğŸ•‰ â˜¯ ğŸ¢ ğŸŒ ğŸŒ» ğŸ€ ğŸ± ğŸ¦‹ ğŸ¬,,,1,['https://pbs.twimg.com/card_img/1509971854139838468/Ms_1jtEO?format=jpg&name=small'],https://twitter.com/RemiAngeC/status/1477697395722964999
93,PATTIER Jean-Yves,@JYPENSAIT1,2022-01-02T14:01:59.000Z,"PATTIER Jean-Yves
@JYPENSAIT1
Â·
2 Jan","Replying to 
@lepenjm
Attention #jeanmarie, le #coronavirus  n'est pas une bactÃ©rie et les #vaccins  expÃ©rimentaux sont dirigÃ©s contre la souche de #Wuhan; ils sont peu efficaces contre les #variants nouveaux. Les virus ne dÃ©clarent pas de guerre, ils participent Ã  l'Ã©volution du vivant.
1
1
5",,1,1,5,[],https://twitter.com/JYPENSAIT1/status/1477641323352145922
94,checrai71,@checrai71,2022-01-02T23:09:22.000Z,"checrai71
@checrai71
Â·
3 Jan","Replying to 
@BFMTV
""[..] vacciner tout le monde, que ce soit utile ou pas
[..] c'est devenu inutile avec des #vaccins quasi-obsolÃ¨tes
[..] cela fait courir de grands dangers sanitaires (Ã  + ou - long terme)
[..] Ces rappels multiples sont pires que tout""

https://francesoir.fr/opinions-entretiens/jean-marc-sabatier-partie-3â€¦

Stop au #fascisme.
francesoir.fr
""Il faut prendre conscience urgemment des problÃ¨mes de ces vaccins"" - Jean-Marc Sabatier
ENTRETIEN â€” Que savons-nous de lâ€™immunitÃ© ? Comment celle-ci se mobilise-t-elle lors dâ€™une infection ou dâ€™une vaccination ? Quâ€™est-ce que lâ€™immunitÃ© innÃ©e non spÃ©cifique ? Et lâ€™immunitÃ© adaptative ou...",,,,,['https://pbs.twimg.com/card_img/1508807289477734409/med7sxTq?format=png&name=small'],https://twitter.com/checrai71/status/1477779077792731140
95,Marianne,@Achille75610674,2022-01-02T12:00:37.000Z,"Marianne
@Achille75610674
Â·
2 Jan","Replying to 
@JeanLeonetti
 and 
@davidlisnard
DÃ©solÃ©, mais ces injections ne prÃ©viennent mÃªme PAS les formes graves du #Covid. Voir le cas de l'ancienne championne de boxe #JulieLeGalliard, une victime parmi tant d'autres : des dÃ©cÃ¨s dissimulÃ©s pour ""protÃ©ger"" #BigPharma et ses ""#vaccins"" !
eurosport.fr
L'ex-championne de France de boxe Julie Le Galliard est dÃ©cÃ©dÃ©e des suites du Covid-19
HospitalisÃ©e depuis plusieurs semaines aprÃ¨s avoir contractÃ© le coronavirus, l'ancienne championne de boxe Julie Le Galliard est dÃ©cÃ©dÃ©e.
1",,1,,,['https://pbs.twimg.com/card_img/1508848253181345809/odA9Rq1e?format=jpg&name=small'],https://twitter.com/Achille75610674/status/1477610781722169347
96,JPB #TouchePasAuxEnfants,@jpb_ufic,2022-01-02T16:45:14.000Z,"JPB #TouchePasAuxEnfants
@jpb_ufic
Â·
2 Jan","La dÃ©mocratie Ã©volue grÃ¢ce Ã  
@EU_Commission
 qui veut tous nous inoculer
Comme disait certains .... l'Europe nous a amenÃ© la paix .... et des #vaccins
Disclose.tv
@disclosetv
 Â· 2 Jan
NOW - People mauled by police dogs, beaten with batons at unauthorized protest against Covid restrictions in #Amsterdam.
Show this thread",,,,,"['https://pbs.twimg.com/profile_images/898153945721339904/OFVCkPfR_mini.jpg', 'https://pbs.twimg.com/ext_tw_video_thumb/1477624865360388106/pu/img/h8iZAGGtLJ8Fedpk.jpg']",https://twitter.com/jpb_ufic/status/1477682407667077122
97,checrai71,@checrai71,2022-01-02T16:28:20.000Z,"checrai71
@checrai71
Â·
2 Jan","Replying to 
@CerfiaFR
Tests, masques, ""#vaccins""...
#bigpharma
#finance sans limite

""L'infectiologue rappelle Ã  ceux qui craignent une saturation des #hopitaux que ces Ã©tablissements ont toujours pour objectif dâ€™Ãªtre saturÃ© : Â« câ€™est le systÃ¨me capitaliste qui veut cela [..]""
francesoir.fr
StÃ©phane Gayet : ""Un vaccin Ã  ARNm est une prouesse technologique inefficace""
MÃ©decin infectiologue et hygiÃ©niste, praticien hospitalier honoraire, le docteur StÃ©phane Gayet nous a accueilli dans son bureau pour un Entretien essentiel.
1
1",,,1,1,['https://pbs.twimg.com/card_img/1509952768341155844/tWPDXYmj?format=png&name=small'],https://twitter.com/checrai71/status/1477678155800457217
98,Kurejii Usagi,@KurejiiU,2022-01-02T10:28:02.000Z,"Kurejii Usagi
@KurejiiU
Â·
2 Jan","Le pdt. #macron a profitÃ© de ses ""voeux aux franÃ§ais"" pour encore une fois les sermonner et leur rappeler ce qu'il estime leur Ãªtre devoir : se faire injecter Ã  rÃ©pÃ©tition des produits expÃ©rimentaux dont le qualitif de ""#vaccins"" est discutÃ© ....
1",,1,,,[],https://twitter.com/KurejiiU/status/1477587483605016576
99,Le Guen,@LeGuen02268249,2022-01-02T10:25:04.000Z,"Le Guen
@LeGuen02268249
Â·
2 Jan","Replying to 
@Lau_Be1
 and 
@Enthoven_R
Ce nâ€™est plus un argument valable: les #vaccins ARN contre la #Covid_19 ne sont plus Â« Ã  lâ€™essai Â» depuis que la FDA a transformÃ© leurs autorisations temporaires en autorisations dÃ©finitives.
1",,1,,,[],https://twitter.com/LeGuen02268249/status/1477586736201060355
100,pÃ¨renoel,@xboxseriesxALL,2022-01-02T15:34:35.000Z,"pÃ¨renoel
@xboxseriesxALL
Â·
2 Jan","Replying to 
@Mediavenir
normal en pÃ©riode de fetes ! mais la maintenant les gens ont plus besoin de faire des tests donc les chiffres chuteront fortement #Covid_19  #COVID19 #PCR              #PassSanitaire #vaccins #Pfizer",,,,,[],https://twitter.com/xboxseriesxALL/status/1477664626124935172
101,Parlons.cash,@libre_service,2022-01-02T07:47:17.000Z,"Parlons.cash
@libre_service
Â·
2 Jan","Replying to 
@LCI
 and 
@nanamiemarie
TÃ©lÃ©toubibs principaux responsable de la suspicion sur les #vaccins. Alors quâ€™ils ne savaient rien ils ont racontÃ© tout et nâ€™importe quoi et son contraire sur fond de guerre dâ€™Ã©go.  
Y en a tâ€™il un seul que se soit EXCUSÃ‰ ? ils continuent et EN PLUS critiquent les sceptiques
2",,,,2,[],https://twitter.com/libre_service/status/1477547027554840578
102,checrai71,@checrai71,2022-01-02T15:15:21.000Z,"checrai71
@checrai71
Â·
2 Jan","Replying to 
@leJDD
Et si les injectÃ©s, et #bigpharma, #macron, #veran, #castex assumaient juridiquement et financiÃ¨rement leur choix d'utiliser des produits en phase 3 de test appelÃ©s ""#vaccins"" par #bigmedia ?
Et s'ils assumaient aussi la dette *publique* due aux confinements, masques, tests, ...?",,,,,[],https://twitter.com/checrai71/status/1477659787286429699
103,SÃ©bastien QUÃ‰NIVET,@SebDudek,2022-01-02T16:37:43.000Z,"SÃ©bastien QUÃ‰NIVET
@SebDudek
Â·
2 Jan","Replying to 
@frontieres_
#JeanMarie confond #virus et bactÃ©ries, ainsi qu' injection d'#ARNm avec #vaccins
#Marine voulait plus #confinement + dur en 2020
Dire qu'on place encore parfois nos espoirs dans des politicars...",,,,,[],https://twitter.com/SebDudek/status/1477680516421677057
104,HoarEAU A.A,@aar_oharo,2022-01-02T11:07:55.000Z,"HoarEAU A.A
@aar_oharo
Â·
2 Jan","Replying to 
@nicolasberrod
Toutes ces Ã©lucubrations dÃ©coulent de la totale ignorance de nos #gouvernants Ã  propos du #microbeCOVID19 et de ses #variants !
Les #vaccins sont toujours en phase d'Ã©tude.
D'ailleurs, il ne faut parler de #vaccins quand 3 doses (et plus) sont dites ""nÃ©cessaires"" !",,,,,[],https://twitter.com/aar_oharo/status/1477597518154379264
105,Marie-Anne,@AnneArmorika22,2022-01-02T19:35:47.000Z,"Marie-Anne
@AnneArmorika22
Â·
2 Jan","Replying to 
@DesaintLaurent1
La grippe espagnole , il y a cent ans, avait aussi durÃ© 
3 ans. 
 Mais, sans #vaccins ni gel hydro-alcoolique, et peu de #masques, elle avait fait 10 fois plus de morts 
dans le monde.",,,,,[],https://twitter.com/AnneArmorika22/status/1477725328944644096
106,Souyris P,@Shelegshemech3,2022-01-02T04:45:14.000Z,"Souyris P
@Shelegshemech3
Â·
2 Jan","Replying to 
@Enthoven_R
Camarade, il nâ€™y a pas + aphaque que celui qui ne veut pas bien voir !
 Il te faut aller enÂ«double aveugleÂ»servir la soupe semantique(vax/antivax) Ã  E.Â«BorneÂ»; et lÃ , tu seras ROI dans le royaume des borgnes, tellement tu ne peux + voir les #ARNm qui ne sont pas des #vaccins !",,,,,[],https://twitter.com/Shelegshemech3/status/1477501212480180224
107,Ï† GBDC,@GBDC78,2022-01-02T17:02:10.000Z,"Ï† GBDC
@GBDC78
Â·
2 Jan","Replying to 
@AubBoq
C'Ã©tait autant redoutÃ© que prÃ©vu.

Par exemple en France le gÃ©nÃ©ticien Christian VÃ©lot a alertÃ© sur ce risque d'Ã©chappement immunitaire dÃ©jÃ  depuis plusieurs mois. #PDF  #CRIIGEN #ARNm #Vaccins 

https://criigen.org/wp-content/uploads/2021/03/2021-02-24_Reponses-Globales_Grand-Public-04.pdfâ€¦",ğŸ§¹,,,,[],https://twitter.com/GBDC78/status/1477686666454253572
108,Fifi brin d'acier,@fifibrin_dacier,2022-01-02T17:45:42.000Z,"Fifi brin d'acier
@fifibrin_dacier
Â·
2 Jan","Replying to 
@FCOUILBAULT1
Au gouvernement ils lâ€™ont dÃ©jÃ  tous contractÃ©s #bonneannee2022 #COVID19 #MontchalinGate #Pfizergate #vaccins #conseildedefense",,,,,[],https://twitter.com/fifibrin_dacier/status/1477697624157433857
109,Ponchiboune,@Ponchiboune,2022-01-02T19:11:55.000Z,"Ponchiboune
@Ponchiboune
Â·
2 Jan","@France2tv
 reportage intÃ©ressant sur la rÃ©partition des #Vaccins : les doses sont curieusement rÃ©parties une par une avant dâ€™Ãªtre envoyÃ©es Tiens tiens nâ€™y aurait il pas le mÃªme produit ds tous les flacons ? #20hweekend #Covid_19",,,,,[],https://twitter.com/Ponchiboune/status/1477719321346457603
110,Domajeur...,@dommajeur,2022-01-02T14:36:40.000Z,"Domajeur...
@dommajeur
Â·
2 Jan","Replying to 
@bastien_tell
11 #vaccins #Vaccin #Vaccination bourrÃ©s d'aluminium et autres substances toxiques + #effetsindesirables censurÃ©s

Combien etions-nous pres des Invalides contre #VaccinationObligatoire #France  avec 
@RaderSerge
  ?

#TouchePasAuxEnfants #touchepasamesenfants #Macron2022 #Pecresse",,,,,[],https://twitter.com/dommajeur/status/1477650053418397698
111,Kurejii Usagi,@KurejiiU,2022-01-02T10:25:13.000Z,"Kurejii Usagi
@KurejiiU
Â·
2 Jan","Et quand bien mÃªme leur efficacitÃ© ne serait pas de 100%, comment l'#ANSM peut-elle exiger en terme de protocole de validation ce qu'elle n'exige pas pour les ""#vaccins"" commercialisÃ©s par les #laboratoires #BigPharma dont l'efficacitÃ© est parfois < 50% ? 
@AssoCovid
 @f_philippot",,,,,[],https://twitter.com/KurejiiU/status/1477586774448910336
112,Ponchiboune,@Ponchiboune,2022-01-02T14:32:53.000Z,"Ponchiboune
@Ponchiboune
Â·
2 Jan","Replying to 
@lestrepublicain
Si les franÃ§ais arrÃªtent de bÃªler derriÃ¨re #Veran et #Castex et refusent les sÃ©rums #vaccins proposÃ©s, le #COVID19 disparaÃ®tra grÃ¢ce Ã  #Omicron qui contamine sans gravitÃ© Il faut des contaminations pour lâ€™affaiblir Les traitements existent en plus 
@xenothera
 #xav19
1
2",,,1,2,[],https://twitter.com/Ponchiboune/status/1477649099973349378
113,AlBaniAlbainPierre,@vtlau1,2022-01-02T16:08:26.000Z,"AlBaniAlbainPierre
@vtlau1
Â·
2 Jan","Replying to 
@vtlau1
 @SylasMondesir
  and 2 others
Ca peut marcher pour ts ceux dirigeants inclus qui veulent du mal aux #nonvaccines groupe tÃ©moin utile Ã  la science mais qu on voudrait faire disparaÃ®tre pour cacher les #EffetsSecondaires #effetsindesirables tous malades ce serait forcÃ©ment la faute d malades pas d #vaccins ",â“‚ ğŸ˜‚ â“‚ ğŸ˜,,,,[],https://twitter.com/vtlau1/status/1477673147621126144
